{"cameraMode":{"drawMode":0,"name":"Shaded","section":"Shading Mode"},"sceneLighting":true,"audioPlay":false,"sceneViewState":{"showFog":true,"showMaterialUpdate":false,"showSkybox":true,"showFlares":true,"showImageEffects":true,"showParticleSystems":true},"in2DMode":false,"pivot":{"x":1.8006545305252076,"y":10.84906005859375,"z":-6.19252347946167},"rotation":{"x":-0.0050694942474365238,"y":0.9496412873268127,"z":-0.31292015314102175,"w":-0.015384791418910027},"size":9.739249229431153,"orthographic":false}